tag_id,parent_tag_id,label,type,x,y,z,confidence,observation_count,source_images,source_scans
a89489d1-2a0d-4db6-95b6-f99586a27b4b,,abb_relion_615,equipment,-9.029483333333333,0.37768333333333326,1.3883666666666667,0.92,6,2 98 104 8 14 92,1 2 3 16 17 18
abdce48f-bd41-4de9-839c-dee0478c9d68,,abb_relion_615,equipment,0.4113,66.8557,2.0134,0.92,1,3,1
23b847b2-3088-4dcd-af41-0f7ede2977be,,abb_relion_615,equipment,43.4403,-0.2671,-0.1948,0.92,1,4,1
c9f018a8-f88a-44a7-94c8-111d5d3dd3f3,,abb_relion_615,equipment,-0.5675,-85.777,-0.6051,0.92,1,5,1
f7c44e86-ed7f-47a3-a0c6-0779ca15fef2,,abb_relion_615,equipment,-3.92941136363636,-4.284831818181816,1.456638636363636,0.92,44,9 11 15 16 17 20 22 23 26 27 28 29 32 33 34 38 39 40 44 45 46 50 51 58 59 62 64 65 68 70 71 74 76 77 80 82 83 86 88 89 95 100 101 106,2 3 4 5 6 7 8 9 10 11 12 13 14 15 16 17 18
260adaca-8af2-4056-a204-b7fb9dbeaf84,,abb_relion_615,equipment,48.2866,-9.0904,1.1415000000000002,0.92,1,10,2
4c135bb5-cee0-4f35-809e-653f48384553,,abb_relion_615,equipment,-3.4936599999999998,5.021859999999999,1.6660000000000001,0.92,5,35 41 47 53 21,4 6 7 8 9
2c1e1039-ab35-4f14-a7aa-2fd2b53df6a6,,abb_relion_615,equipment,-6.7772,-7.1251,1.4885,0.92,1,52,9
79199252-9cfd-426a-b759-f1a0486768e1,,abb_relion_615,equipment,-8.9642,-6.714349999999999,1.4933999999999998,0.92,2,56 107,10 18
b02650a3-5dd6-4d8e-9b82-28449b945dea,,abb_relion_615,equipment,-4.914199999999999,2.3150714285714287,1.3335714285714286,0.92,7,69 75 81 87 57 93 63,10 11 12 13 14 15 16
4f7bdff1-a6e9-4f65-83da-985140ee3387,,abb_relion_615,equipment,44.55459999999999,1.8253,2.3741,0.92,1,94,16
b8b088c1-3b65-4e71-ad53-eb68889fc0d2,,abb_relion_615,equipment,-8.0199,5.01125,1.35025,0.92,2,105 99,17 18
11e97d06-5b07-4b3e-946b-a040bd19b7da,,OKK1,cubicle,-2.328042857142857,-1.9482,2.3606857142857147,1.0,7,76 16 82 22 88 27 94,3 4 5 13 14 15 16
dec8a619-f474-4e29-b04d-5a7c2d300324,,TSK2,cubicle,-2.7262,-4.0913,1.5519,1.0,1,32,6
0171d379-8702-4d41-85c4-cfdb84a46d27,,OT1,cubicle,-2.720025,-5.7655,1.578575,1.0,4,64 44 70 39,8 11 12 7
743ff2df-c7cc-46a7-b0ff-2b3d7a2037e1,,VLK,cubicle,-2.7177499999999997,-6.5501000000000005,1.4189500000000002,1.0,2,50 45,8 9
d627d562-e41e-44e7-9d00-7f605703e276,,H01,cubicle,-5.727922784810127,-5.782060759493671,1.3128063291139238,1.0,4,65 57 62,10 11
ae3948dd-d0bd-4b11-a93d-774ca3333a1f,,H02,cubicle,-5.74615,-4.51295,1.4038,1.0,2,68,12
60049002-5000-4a9e-8560-49fad67e7725,,H05,cubicle,-5.7462,-4.6698,0.9421,0.6666666666666666,1,68,12
b4f5c32e-c720-4c5c-a421-aa586eb1964c,,H05,cubicle,-5.760199999999999,-1.5173325581395347,1.4012418604651162,1.0,4,81 86,14 15
0a980014-9431-4586-ae72-9a914cf4e5fa,,H03,cubicle,-5.7373,-3.5180000000000002,1.4022333333333332,1.0,3,74 69,12 13
d3878c03-3d8d-4227-905f-2a52398e299f,,H04,cubicle,-5.757166666666667,-2.5163333333333333,1.4014666666666666,1.0,3,80 75,13 14
