tag_id,parent_tag_id,label,type,x,y,z,confidence,source_image,source_scan
dc02eebf-131a-45a8-bc34-fee5fdc1eee7,,abb_relion_615,equipment,-8.9967,0.0454,1.0854,0.92,2,1
df3bbb1a-4854-4859-a6d9-e420e6daef10,,abb_relion_615,equipment,0.4113,66.8557,2.0134,0.92,3,1
b7da57bd-09a2-46f4-b97c-0cf002144cf5,,abb_relion_615,equipment,43.4403,-0.2671,-0.1948,0.92,4,1
92478d3e-9773-4f52-bc4d-5757e1710008,,abb_relion_615,equipment,-0.5675,-85.777,-0.6051,0.92,5,1
fd6b1037-b1ca-40c7-a0ac-9cbcf26c46db,,abb_relion_615,equipment,-9.0214,1.0363,1.4922,0.92,8,2
cd99fce4-1f4e-4add-9a95-29859cbd1f14,,abb_relion_615,equipment,-2.0843,2.0256,1.4928,0.92,9,2
20aa8e56-5b63-4dee-99c3-860a46bc422a,,abb_relion_615,equipment,48.2866,-9.0904,1.1415,0.92,10,2
00f73c61-01ad-44e4-a70d-5f67a31c1c5c,,abb_relion_615,equipment,-3.706,-7.0875,1.319,0.92,11,2
4ecd4cc1-22e3-405d-8a29-4159b7b331d5,,abb_relion_615,equipment,-9.0424,2.1747,1.5367,0.92,14,3
ca2b512d-53c9-4dce-98bc-67efef253546,,abb_relion_615,equipment,-2.1348,3.0442,1.5132,0.92,15,3
2c4f1c6f-26c0-483f-8e89-1ed7ffeee03b,,OKK1,cubicle,-2.3288,-1.9516,2.3694,1.0,16,3
473c4ce9-d1c5-4f8e-bd29-3287dfa0fc84,,abb_relion_615,equipment,-2.0786,-0.6552,1.4297,0.92,16,3
9d33441f-fdb1-4891-b932-4a601d714c79,,abb_relion_615,equipment,-5.7599,-5.8337,1.336,0.92,17,3
16c9a97b-da2e-4620-a2ef-0a71c6cc99a4,,abb_relion_615,equipment,-5.7791,-1.425,1.4731,0.92,20,4
bd37bfe4-99aa-47dc-a094-d167a17ca0db,,abb_relion_615,equipment,-2.5076,5.0348,1.585,0.92,21,4
3508664e-43f9-49c2-8cad-a16d9702fce6,,OKK1,cubicle,-2.3205,-1.9528,2.3751,1.0,22,4
c2fcdce2-4d4b-4719-b478-e8a7a7950b6e,,abb_relion_615,equipment,-2.3057,-1.8785,1.4367,0.92,22,4
da2aad28-b5ee-4a52-9a02-78ca9bff3f0b,,abb_relion_615,equipment,-4.0745,-7.0761,1.3423,0.92,23,4
8b92c414-9616-480d-87a9-a3c4b30c49ac,,abb_relion_615,equipment,-5.7717,-2.1852,1.4873,0.92,26,5
cccd20b1-14ed-4848-81e0-80dd49faa5f7,,OKK1,cubicle,-2.3243,-1.9423,2.3684,1.0,27,5
67cae3ff-5ad1-4786-9965-fba9ccb18019,,abb_relion_615,equipment,-2.0274,0.5607,1.508,0.92,27,5
d74089a6-a227-435f-a607-4367eb76299d,,abb_relion_615,equipment,-1.9946,-3.5274,1.4305,0.92,28,5
b6f6c424-928f-4d8c-a39d-ef118efa7c55,,abb_relion_615,equipment,-4.7555,-7.0987,1.3861,0.92,29,5
575a5b58-6238-4744-9898-6f462185a7ef,,TSK2,cubicle,-2.7262,-4.0913,1.5519,1.0,32,6
174b7da4-5a3c-40f2-b9d2-86840c83a5d9,,abb_relion_615,equipment,-2.724,-4.1357,1.4394,0.92,32,6
788ba95e-dd89-4d1b-95fc-3578f2c726c2,,abb_relion_615,equipment,-3.3912,-7.1371,1.3818,0.92,33,6
f5fc6fc1-151b-44a5-8c31-5d64f882bb63,,abb_relion_615,equipment,-5.7686,-4.0484,1.4834,0.92,34,6
3e266a20-43f1-4d07-bf84-2ccb8116315f,,abb_relion_615,equipment,-3.0399,4.9862,1.6468,0.92,35,6
618ba366-fce8-4853-8f8d-bdb414f37610,,abb_relion_615,equipment,-2.7213,-4.9491,1.439,0.92,38,7
9f9e0f57-8b9e-49d4-8266-5dd2145c3b57,,OT1,cubicle,-2.7206,-5.768,1.5821,1.0,39,7
e211f3f1-a4e9-48d9-ba27-f51fbf8304d1,,abb_relion_615,equipment,-3.168,-7.1184,1.4008,0.92,39,7
a5d7a6ff-6fee-47a9-acf9-7c49a2ef9387,,abb_relion_615,equipment,-5.798,-5.1247,1.4789,0.92,40,7
6360fb3f-ebfb-4966-a654-0e59431e5655,,abb_relion_615,equipment,-3.8564,4.9927,1.6595,0.92,41,7
a69d5ed4-25ba-4d3f-84d7-bb729832c971,,OT1,cubicle,-2.7254,-5.7632,1.583,1.0,44,8
2d42d371-7a6f-4b42-a001-edb2ce341a17,,abb_relion_615,equipment,-2.7599,-5.853,1.439,0.92,44,8
87445204-8764-4467-bf57-d223aa0a1e04,,VLK,cubicle,-2.7154,-6.5465,1.4189,1.0,45,8
27b4c4c4-5c9b-4b15-8b2b-d0a01e78848c,,abb_relion_615,equipment,-3.317,-7.1151,1.4166,0.92,45,8
796c8d57-f37a-4eae-9b60-daa529f10278,,abb_relion_615,equipment,-5.7575,-5.8321,1.4785,0.92,46,8
e5e7eb48-1ea4-4dc8-bd8c-348cf5eda912,,abb_relion_615,equipment,-3.2285,5.052,1.7018,0.92,47,8
76c0142c-e803-488b-b66c-5063bf441982,,VLK,cubicle,-2.7201,-6.5537,1.419,1.0,50,9
02d64126-1df7-4522-a742-50eb022a89ed,,abb_relion_615,equipment,-2.7202,-6.5673,1.4378,0.92,50,9
b19fe909-6dc5-4b76-b209-1fcce8adb259,,abb_relion_615,equipment,-3.2287,-7.0948,1.4337,0.92,51,9
b9f89683-ae94-4e2b-b2d4-006c4157599e,,abb_relion_615,equipment,-6.7772,-7.1251,1.4885,0.92,52,9
39f064f0-e437-4f12-889b-af02347cb014,,abb_relion_615,equipment,-4.8359,5.0436,1.7369,0.92,53,9
ca2324b7-9180-4228-aed8-71f7ec697e63,,abb_relion_615,equipment,-9.006,-6.3729,1.3961,0.92,56,10
3771740d-8243-46a4-9580-b07f4db7c140,,H01,cubicle,-5.7485,-5.6141,1.4169,1.0,57,10
90a15254-630b-4025-927c-87ebc10b9120,,abb_relion_615,equipment,-4.5499,2.3031,1.3268,0.92,57,10
a8e9ce86-49ce-46e2-a5e4-1560f8f5b350,,abb_relion_615,equipment,-2.7046,-6.7178,1.4838,0.92,58,10
e1e32a94-6f39-40b2-8f56-cc961df2171f,,abb_relion_615,equipment,-5.0591,-7.1012,1.4585,0.92,59,10
4efa33b3-e0e0-49c6-b6bd-0e545876be3a,,H01,cubicle,-5.7525,-5.6164,1.4097,1.0,62,11
ee5e5de5-8716-4eaa-9ade-e10242d3afa5,,H01,cubicle,-5.751,-5.6168,1.3973,1.0,62,11
2abaa8fa-2fc7-4649-9cda-daee53fc233c,,abb_relion_615,equipment,-5.7562,-5.5563,1.432,0.92,62,11
a3a5f4fe-1efa-4887-92bf-0707d3aaad05,,abb_relion_615,equipment,-4.9765,2.3161,1.282,0.92,63,11
b82b1cb2-7ebb-4b35-8264-116c647e1668,,OT1,cubicle,-2.7174,-5.7677,1.572,1.0,64,11
4647d296-ed04-4ff0-8f22-ebbfde816694,,abb_relion_615,equipment,-2.7057,-5.5804,1.4786,0.92,64,11
bde9fca9-260d-4bbc-ad24-0d3ad1d2859a,,H01,cubicle,-5.6561,-6.3072,1.0123,0.95,65,11
9a51352e-f9a0-4530-bdf7-67cc6bc1b1aa,,abb_relion_615,equipment,-5.0543,-7.1362,1.4751,0.92,65,11
6df2300e-fed6-4673-bef5-ce56aa3a2606,,H02,cubicle,-5.7458,-4.5128,1.4099,1.0,68,12
897100d4-81cf-4af7-8805-c5d214d84438,,H02,cubicle,-5.7465,-4.5131,1.3977,1.0,68,12
19c91898-4189-4daa-a3e3-a37ddf706bb3,,H05,cubicle,-5.7462,-4.6698,0.9421,0.6666666666666666,68,12
37143c8e-7876-4bbe-b4d8-775d84e6f779,,abb_relion_615,equipment,-5.7485,-4.4495,1.4307,0.92,68,12
68fd8417-0ddd-4d7d-ab36-c525960af2e4,,H03,cubicle,-5.7335,-3.5144,1.4069,1.0,69,12
42d223b6-3e17-44d2-8054-9bc012984fc1,,abb_relion_615,equipment,-4.7066,2.3022,1.3038,0.92,69,12
96ef8dba-a0dc-414e-8a93-ea2a774cc7ff,,OT1,cubicle,-2.7167,-5.7631,1.5772,1.0,70,12
494e0011-936f-4ee9-9df8-4da4dbb44aea,,abb_relion_615,equipment,-2.6996,-4.5893,1.4813,0.92,70,12
58820dd1-cd91-4b67-98af-2586ea61a34f,,abb_relion_615,equipment,-5.1423,-7.1166,1.4966,0.92,71,12
61aa4bca-eb10-4b5b-8ee3-9442b0cd4b0d,,H03,cubicle,-5.7396,-3.519,1.4062,1.0,74,13
3b2df1d4-c8c5-436e-acf4-dd620d9f5aca,,H03,cubicle,-5.7388,-3.5206,1.3936,1.0,74,13
e0d39c57-d85e-43f1-baa4-4b8cc0376ff6,,abb_relion_615,equipment,-5.7416,-3.4488,1.4266,0.92,74,13
e5d923e1-4ea3-4618-b3cb-f402bdc5ea13,,H04,cubicle,-5.7564,-2.5159,1.4036,1.0,75,13
34aacc29-0955-43fa-9481-bd0aee399b94,,abb_relion_615,equipment,-4.757,2.3162,1.3039,0.92,75,13
c789748c-3cd4-4bd6-b8bd-47e93b7d1c5a,,OKK1,cubicle,-2.3353,-1.9418,2.3533,1.0,76,13
73003bac-cb81-469a-a2a1-4ad41d87e185,,abb_relion_615,equipment,-1.9977,-3.6264,1.4978,0.92,76,13
d5aeae15-682c-41df-a80b-796e10d9cf63,,abb_relion_615,equipment,-5.2082,-7.1151,1.5253,0.92,77,13
02990104-b784-479d-88d6-119a97a2a42c,,H04,cubicle,-5.7568,-2.5164,1.407,1.0,80,14
e3ff532a-6e5f-43de-b0c1-8937818bb98d,,H04,cubicle,-5.7583,-2.5167,1.3938,1.0,80,14
9952dc3d-2447-4971-acc6-868ab9cc004e,,abb_relion_615,equipment,-5.7595,-2.494,1.4284,0.92,80,14
f3dd5bf4-16e3-470f-b6a8-b281ea6ec437,,H05,cubicle,-5.7604,-1.5162,1.4064,1.0,81,14
c6a27e8d-4d9c-468f-9e7b-840a6126f26f,,H05,cubicle,-5.7602,-1.517,1.3961,0.9090909090909091,81,14
081b7799-4bbb-4807-82ee-9e6b8c959cfd,,abb_relion_615,equipment,-5.2036,2.3122,1.3455,0.92,81,14
c7d7d76c-bac0-488b-9c23-dd154e1ef3f4,,OKK1,cubicle,-2.3281,-1.9489,2.3484,1.0,82,14
3dd2a5f8-2048-434f-92b3-4fe7c6fa1fb1,,abb_relion_615,equipment,-2.3059,-2.3729,1.4861,0.92,82,14
ff31119a-b2ca-4905-b75c-d0f997c0abbb,,abb_relion_615,equipment,-4.8777,-7.0815,1.5322,0.92,83,14
c9b56728-57dc-470e-9da7-93a116a3f1b3,,H05,cubicle,-5.7595,-1.5172,1.4075,1.0,86,15
d3d621b3-45b7-4616-9812-36c270152f31,,H05,cubicle,-5.7607,-1.5189,1.3945,1.0,86,15
f43a1f99-fb49-41bf-881e-d09cacf41ca7,,abb_relion_615,equipment,-5.7586,-1.4902,1.423,0.92,86,15
6e81e880-7440-45cd-a86f-aa4a82d4fc2d,,abb_relion_615,equipment,-5.0712,2.3237,1.3745,0.92,87,15
804862b6-c23f-4f49-b2f7-0496221a6294,,OKK1,cubicle,-2.3273,-1.9537,2.3549,1.0,88,15
35a48cf2-a228-425c-945d-b5890e173415,,abb_relion_615,equipment,-2.0191,-1.4056,1.4885,0.92,88,15
1e25677d-e0f7-426b-af32-9818c1056433,,abb_relion_615,equipment,-4.8324,-7.0993,1.5375,0.92,89,15
f1216a2c-fc03-4abc-89a5-38c6ced06d3f,,abb_relion_615,equipment,-9.0338,-0.243,1.3684,0.92,92,16
0588d6df-9571-4feb-a3b2-3ba16e7355a3,,abb_relion_615,equipment,-5.1346,2.332,1.3985,0.92,93,16
2e58c9dd-0a9c-4f06-9272-26863aa571e1,,OKK1,cubicle,-2.332,-1.9463,2.3553,1.0,94,16
ad15860e-0611-4ce0-8608-c68a9b535459,,abb_relion_615,equipment,44.5546,1.8253,2.3741,0.92,94,16
4a56e557-66fc-4a57-bdff-759edd753785,,abb_relion_615,equipment,-4.7726,-7.0919,1.5601,0.92,95,16
479fc419-b09f-4211-98b6-a698c7e5a3c9,,abb_relion_615,equipment,-9.0504,-0.5211,1.4002,0.92,98,17
78809a5a-cfb3-47a4-a964-d0878d84eb47,,abb_relion_615,equipment,-7.7919,5.0131,1.3596,0.92,99,17
5a82bacf-36e2-41ae-b505-b9f49b5dbae6,,abb_relion_615,equipment,-2.0519,0.6443,1.528,0.92,100,17
676c3e48-6c86-462e-a2a6-46573c60213c,,abb_relion_615,equipment,-6.7972,-0.9709,1.4512,0.92,101,17
2a92fb6b-43a1-41d0-8ba7-d241a460eab2,,abb_relion_615,equipment,-9.0322,-0.2262,1.4473,0.92,104,18
872a54a5-2bfb-4a03-9154-140d33959e8e,,abb_relion_615,equipment,-8.2479,5.0094,1.3409,0.92,105,18
84704dac-529d-40bc-ae05-f8b7990d6a06,,abb_relion_615,equipment,-2.0749,-0.6205,1.4872,0.92,106,18
47f1ad32-e0dc-48b4-8303-0462f0528433,,abb_relion_615,equipment,-8.9224,-7.0558,1.5907,0.92,107,18
